Workbook

Sheet logout

Sheet Janeiro
B1: 46033 | C1: 46034 | D1: 46035 | E1: 46036 | F1: 46037 | G1: 46038 | H1: 46039 | I1: 46040 | J1: 46042 | K1: 46043 | L1: 46044 | M1: 46045 | N1: 46046 | O1: 46047 | P1: 46049 | Q1: 46050 | R1: 46051 | S1: 46052 | T1: 46053
A2: 36.4 | B2: 33.4 | C2: 9.5 | D2: 22.4 | E2: 40.8 | F2: 70.5 | G2: 5.5 | H2: 37.8 | I2: 91.4 | J2: 44.4 | K2: 38.8 | L2: 24.8 | M2: 4 | N2: 33.4 | O2: 30.9 | P2: 13 | Q2: 57.7 | R2: 29.9 | S2: 5.5 | T2: 46.2
A3: 18 | B3: 44.5 | C3: 53.9 | D3: 27.9 | E3: 23.4 | F3: 45.3 | G3: 41.1 | H3: 38.9 | I3: 52.6 | J3: 25.4 | K3: 28.8 | L3: 45 | M3: 15.5 | N3: 76.8 | O3: 33.9 | P3: 46.2 | Q3: 98.8 | R3: 24.5 | S3: 5 | T3: 62.4
A4: 34 | B4: 28.4 | C4: 7 | D4: 18.4 | E4: 74.8 | F4: 19.5 | G4: 196 | H4: 33.1 | I4: 40.8 | J4: 75.7 | K4: 56.2 | L4: 29.4 | M4: 78.3 | N4: 37.5 | O4: 18.9 | P4: 58.4 | Q4: 47.3 | R4: 19.5 | S4: 76.3 | T4: 77.2
A5: 28 | B5: 41.8 | C5: 21.4 | D5: 41.3 | E5: 52.9 | F5: 43.7 | G5: 26.2 | H5: 62.7 | I5: 11.2 | J5: 25.4 | K5: 61.8 | L5: 27.5 | M5: 43.8 | N5: 45.5 | O5: 67.3 | P5: 37 | Q5: 18.4 | R5: 114.8 | S5: 31.2 | T5: 23
A6: 21 | B6: 43.4 | C6: 21 | E6: 54.1 | F6: 29.9 | G6: 31.8 | H6: 40.8 | I6: 83.6 | J6: 101.7 | K6: 32 | L6: 31.4 | M6: 58 | N6: 39.1 | O6: 43 | P6: 31 | Q6: 29.4 | R6: 42.3 | S6: 16 | T6: 49.2
A7: 46 | B7: 30.9 | C7: 31 | E7: 50.4 | F7: 42.9 | G7: 31.8 | H7: 44.6 | I7: 42.7 | J7: 16.9 | K7: 16 | M7: 34.7 | N7: 49.2 | O7: 24.8 | P7: 31.5 | Q7: 196 | R7: 139.3 | S7: 78.3 | T7: 136.1
A8: 80.8 | B8: 127.4 | C8: 26 | E8: 88.2 | F8: 102.8 | G8: 21.4 | H8: 58.8 | I8: 49.8 | J8: 21.9 | K8: 6 | M8: 43.8 | N8: 71.6 | O8: 32.9 | P8: 67.9 | R8: 235.9 | S8: 54.6 | T8: 50.7
A9: 45.4 | B9: 70.3 | C9: 30.5 | E9: 39.1 | G9: 32.3 | H9: 25.9 | I9: 38.5 | M9: 86.2 | N9: 31 | O9: 48.8 | P9: 111.2 | R9: 58.8 | S9: 49.9 | T9: 23.3
A10: 50 | B10: 34.5 | C10: 36.5 | E10: 32.3 | G10: 54.7 | H10: 21.9 | I10: 86.8 | M10: 63.1 | N10: 27.4 | O10: 31 | P10: 102.6 | R10: 121.7 | S10: 64.2 | T10: 123.8
A11: 72 | B11: 83.3 | C11: 57.9 | H11: 33.9 | I11: 22.7 | M11: 49.8 | N11: 43.3 | O11: 19.5 | P11: 61 | R11: 33 | T11: 63.2
A12: 25.9 | B12: 61.5 | H12: 38 | I12: 45.5 | M12: 52.9 | O12: 16.5 | R12: 52.8 | T12: 76.8
A13: 49.2 | B13: 24.8 | H13: 88.4 | I13: 49.2 | T13: 95.3
A14: 50.7 | B14: 45.5 | H14: 36.4 | I14: 121.8
A15: 49.7 | B15: 21.9 | H15: 20 | I15: 38.9
A16: 80 | H16: 27.4 | I16: 34.2
A17: 98.8 | I17: 32.2
A18: 43.5
A19: 61.5
A20: 215.2

Sheet Gastos-Janeiro
A1: 46032 | B1: 11.01 | C1: 46034 | D1: 46035 | E1: 46036 | F1: 46037 | G1: 46038 | H1: 46039 | I1: 46040 | J1: 46042 | K1: 46043 | L1: 46044 | M1: 46045 | N1: 46046 | O1: 46047 | P1: 46049 | Q1: 46050 | R1: 46051 | S1: 46052 | T1: 46053
A2: 109 | B2: 72 | C2: 55 | D2: 46 | E2: 66 | F2: 55 | G2: 64 | H2: 82 | I2: 81.5 | J2: 61 | K2: 49 | L2: 52 | M2: 75 | N2: 80.5 | O2: 82.5 | P2: 70 | Q2: 63.5 | R2: 78 | S2: 63 | T2: 64.5
B3: 217 | C3: 43.84 | D3: 100 | E3: 375.21 | F3: 221.3 | G3: 31.78 | I3: 16.96 | J3: 76.89 | K3: 124 | L3: 112 | M3: 30.5 | O3: 50 | Q3: 25 | R3: 149.81 | S3: 134.18
C4: 26.79 | F4: 15.97 | G4: 879.73 | K4: 364.2 | O4: 112 | R4: 226
F5: 66.16 | R5: 35

Sheet Fevereiro
A1: 46054 | B1: 46056 | C1: 46057 | D1: 46058 | E1: 46059 | F1: 46060 | G1: 46061 | H1: 46063 | I1: 46064 | J1: 46065 | K1: 46066 | L1: 46067 | M1: 46068 | N1: 46069 | O1: 46071 | P1: 46072 | Q1: 46073 | R1: 46074 | S1: 46075 | T1: 46077 | U1: 46078 | V1: 46079 | W1: 46080 | X1: 46081
A2: 75.2 | B2: 16.5 | C2: 42.5 | D2: 63 | E2: 33 | F2: 43.9 | G2: 39.7 | H2: 47.8 | I2: 50.8 | J2: 18.4 | K2: 16.4 | L2: 33.4 | M2: 76.7 | N2: 7 | O2: 35 | P2: 22.6 | Q2: 33 | R2: 37 | S2: 49.6 | T2: 55.4 | U2: 49.9 | V2: 46.9 | W2: 40.4 | X2: 36
A3: 82.6 | B3: 10.5 | C3: 228 | D3: 22.4 | E3: 30.8 | F3: 42.8 | G3: 73.3 | H3: 52.3 | I3: 59.4 | J3: 45.5 | K3: 23.7 | L3: 38.8 | M3: 106 | N3: 14 | O3: 37.5 | P3: 51.3 | Q3: 60.8 | R3: 76.9 | S3: 71.8 | T3: 45.7 | U3: 56.7 | V3: 37 | W3: 26.4 | X3: 46.2
A4: 87.2 | B4: 54.2 | C4: 19.5 | D4: 78.9 | E4: 130.5 | F4: 72.3 | G4: 80.7 | H4: 62.8 | I4: 50.8 | J4: 31.5 | K4: 18.6 | L4: 56.5 | M4: 23.9 | N4: 5 | O4: 53.9 | P4: 21.5 | Q4: 32 | R4: 15 | S4: 46 | T4: 52.6 | U4: 51.4 | V4: 61.2 | W4: 37.5 | X4: 7
A5: 71.4 | B5: 50.8 | C5: 40.3 | D5: 143.2 | E5: 57.8 | F5: 15.5 | G5: 138.5 | H5: 36 | I5: 51.7 | J5: 57.4 | K5: 33.8 | L5: 74.8 | M5: 39.4 | N5: 5 | P5: 34.3 | Q5: 171.1 | R5: 95 | S5: 29.5 | T5: 43.1 | U5: 40.4 | V5: 43.8 | W5: 39.8 | X5: 28
A6: 132.6 | B6: 18.4 | C6: 46.2 | D6: 46.6 | E6: 15.4 | F6: 65 | G6: 41.9 | H6: 15.4 | I6: 69 | J6: 37.5 | K6: 62.5 | L6: 49.6 | M6: 62 | N6: 15 | P6: 43.8 | Q6: 92.4 | R6: 93.2 | S6: 16.5 | T6: 37 | U6: 42 | V6: 47.4 | W6: 34.1 | X6: 64.6
A7: 11 | B7: 43.3 | C7: 44.3 | D7: 15.4 | E7: 30.8 | F7: 19.5 | G7: 21 | H7: 16.5 | I7: 31.8 | J7: 29.9 | K7: 38.5 | L7: 76.7 | M7: 41.3 | N7: 17 | P7: 31.5 | Q7: 73.2 | R7: 33.4 | S7: 35 | T7: 83.3 | U7: 54.6 | V7: 27.3 | W7: 36.4 | X7: 39.1
A8: 100 | D8: 30.8 | E8: 27.4 | F8: 81.8 | G8: 18.6 | H8: 58.8 | K8: 24 | L8: 15 | M8: 65 | N8: 7 | P8: 18.4 | Q8: 95.4 | R8: 68 | S8: 67 | T8: 37 | U8: 21.4 | V8: 108.3 | W8: 45.4 | X8: 46.4
A9: 45.7 | D9: 16.6 | E9: 96.3 | F9: 52.8 | G9: 68.3 | H9: 42.5 | K9: 49.8 | L9: 60.6 | M9: 61.5 | N9: 14 | P9: 33.5 | Q9: 23 | S9: 52 | T9: 38 | U9: 38 | W9: 78.3 | X9: 34
A10: 41.7 | D10: 40 | E10: 42 | F10: 86.1 | G10: 69 | H10: 37 | K10: 66 | L10: 25.9 | M10: 47.8 | N10: 8 | Q10: 37 | S10: 19 | U10: 7 | X10: 24
A11: 65.5 | D11: 17 | E11: 108 | F11: 43.6 | G11: 34.3 | H11: 38.5 | K11: 44 | L11: 67.4 | M11: 54.3 | N11: 17 | Q11: 184.1 | S11: 196 | X11: 18.5
A12: 33.8 | E12: 68 | F12: 15 | G12: 33 | H12: 50.4 | K12: 34.3 | L12: 48.8 | M12: 29 | N12: 13 | Q12: 26.7 | S12: 107.5 | X12: 38
A13: 103.3 | E13: 21.9 | F13: 43.6 | H13: 23.4 | K13: 85.8 | L13: 70.9 | M13: 109.2 | N13: 7 | Q13: 88.4 | S13: 43.9 | X13: 18.4
A14: 19 | E14: 68.9 | F14: 25.9 | H14: 81.3 | K14: 18.4 | L14: 43.8 | Q14: 43.8 | S14: 106 | X14: 75.7
A15: 29.6 | E15: 46.7 | F15: 121.2 | H15: 102.5 | K15: 34.3 | L15: 121 | Q15: 44.8 | X15: 38.8
A16: 46.7 | F16: 54.5 | Q16: 56.3 | X16: 94
A17: 21.6 | F17: 110.7 | Q17: 53.3 | X17: 52.9
A18: 53 | F18: 94.2 | Q18: 43.4 | X18: 66.8
F19: 83.9 | Q19: 26.9 | X19: 47
F20: 22.4 | Q20: 21 | X20: 144.6
F21: 60.9 | X21: 143.3
F22: 31.8 | X22: 46.9
F23: 28 | X23: 37.5
F24: 54.5 | X24: 22.9
F25: 57.7 | X25: 40.2
F26: 86.8

Sheet Gastos-Fevereiro
A1: 46054 | B1: 46056 | C1: 46057 | D1: 46058 | E1: 46059 | F1: 46060 | G1: 46061 | H1: 46063 | I1: 46064 | J1: 46065 | K1: 46066 | L1: 46067 | M1: 46068 | N1: 46071 | O1: 46072 | P1: 46073 | Q1: 46074 | R1: 46075 | S1: 46077 | T1: 46078 | U1: 46079 | V1: 46080 | W1: 46081 | X1: joao
A2: 73 | B2: 49 | C2: 43 | D2: 55.5 | E2: 69.5 | F2: 101.5 | G2: 73.5 | H2: 64 | I2: 55 | J2: 61 | K2: 92 | L2: 76.5 | M2: 0 | N2: 46.5 | O2: 55.5 | P2: 75 | Q2: 66 | R2: 69 | S2: 59 | T2: 58.5 | U2: 61 | V2: 67 | W2: 94 | X2: -30
A3: 121.99 | B3: 175 | C3: 40.09 | D3: 558.17 | E3: 372.96 | F3: 110 | G3: 43.19 | I3: 294.8 | J3: 20.81 | K3: 121 | L3: 32 | M3: 50 | N3: 30.72 | O3: 6.98 | Q3: 115 | R3: 8 | S3: 115 | T3: 42.08 | U3: 43.85 | V3: 22 | W3: 81.17
E4: 121.9 | F4: 14.76 | I4: 15 | J4: 12.49 | K4: 10.58 | L4: 50 | M4: 115 | O4: 59.4 | Q4: 281.4 | T4: 175.39 | U4: 91.9
E5: 50 | F5: 104 | O5: 34.14 | Q5: 17.19 | U5: 219.87
Q6: 8
Q7: 7.5

Sheet Março
A1: 46082 | B1: 46085 | C1: 46086 | D1: 46087 | E1: 46088 | F1: 46089 | G1: 46092 | H1: 46093 | I1: 46094 | J1: 46095 | K1: 46096 | L1: 46098 | M1: 46099 | N1: 46100 | O1: 46101 | P1: 46102 | Q1: 46103 | R1: 46105 | S1: 46106 | T1: 46107 | U1: 46108 | V1: 46109 | W1: 46110
A2: 39.6 | B2: 6 | C2: 122 | D2: 6 | E2: 6 | F2: 20.4 | G2: 59 | H2: 59.4 | I2: 62.1 | J2: 62.4 | K2: 54.4 | L2: 16.5 | M2: 42 | N2: 26.9 | O2: 42.8 | P2: 56.6 | Q2: 85.2 | R2: 54.5 | S2: 22.6 | T2: 28 | U2: 30.8 | V2: 46.8 | W2: 66.8
A3: 111.5 | B3: 52.9 | C3: 167.7 | D3: 43.2 | E3: 4 | F3: 30.8 | G3: 38.5 | H3: 49 | I3: 43.2 | J3: 38.5 | K3: 51 | L3: 43.8 | M3: 23.9 | N3: 83.2 | O3: 23.9 | P3: 70.4 | Q3: 16 | R3: 23.5 | S3: 39.1 | T3: 105.3 | U3: 25.4 | V3: 12 | W3: 77.7
A4: 54.2 | B4: 59.5 | C4: 6 | D4: 41.5 | E4: 97.3 | F4: 111.8 | G4: 24 | H4: 102.2 | I4: 52.3 | J4: 37 | K4: 67.5 | L4: 37.5 | M4: 59.4 | N4: 41.5 | O4: 51 | P4: 80.9 | Q4: 24.8 | R4: 32.8 | S4: 78.2 | T4: 34 | U4: 69 | V4: 34 | W4: 60.5
A5: 106.1 | B5: 68.3 | C5: 27.8 | D5: 123.3 | E5: 57.4 | F5: 38.5 | G5: 44 | H5: 46.2 | I5: 25.8 | J5: 60.6 | K5: 69 | L5: 60.2 | M5: 41.5 | N5: 95 | O5: 129.3 | P5: 59.5 | Q5: 99 | R5: 38 | S5: 42.7 | T5: 26 | U5: 43.7 | V5: 41.5 | W5: 46
A6: 42.3 | B6: 18.4 | C6: 46.8 | D6: 40.5 | E6: 24.8 | F6: 21.9 | H6: 101.6 | I6: 43.8 | J6: 68 | K6: 82.4 | L6: 68 | M6: 37 | O6: 27.9 | P6: 22.5 | Q6: 120.9 | R6: 54.8 | S6: 59.5 | T6: 25.9 | U6: 80 | V6: 17.9 | W6: 15.5
A7: 39.9 | B7: 69 | C7: 46.3 | D7: 52.8 | E7: 78.8 | F7: 22.4 | I7: 41.2 | J7: 33.4 | K7: 37.5 | L7: 44 | M7: 33.8 | O7: 33.6 | P7: 177.7 | Q7: 19.5 | R7: 42.8 | S7: 19 | T7: 41.5 | U7: 89.8 | V7: 23.7 | W7: 21
A8: 18.4 | B8: 28.5 | C8: 84 | D8: 62.8 | E8: 43.8 | F8: 25.5 | I8: 43.8 | J8: 97.4 | K8: 22.4 | M8: 49.8 | O8: 27.4 | P8: 94.9 | Q8: 69 | R8: 23.5 | S8: 46.6 | T8: 17.5 | U8: 69 | V8: 33.7 | W8: 87.2
A9: 37.5 | C9: 23 | D9: 71.2 | E9: 47.1 | F9: 37 | K9: 22.4 | M9: 37 | O9: 37.5 | P9: 23.4 | Q9: 48 | S9: 55.8 | U9: 22.4 | V9: 21.3 | W9: 43.8
A10: 50.4 | C10: 43.8 | D10: 8 | E10: 49.2 | F10: 69.8 | K10: 32.8 | M10: 21.3 | O10: 57.1 | P10: 42.2 | Q10: 86.9 | U10: 49.6 | V10: 43.2 | W10: 45.9
A11: 39.9 | C11: 21.9 | D11: 22 | E11: 44.7 | F11: 16.8 | K11: 80.3 | M11: 146.5 | O11: 79.6 | P11: 19 | Q11: 63.1 | U11: 110 | V11: 80.8 | W11: 22.9
C12: 296 | E12: 25.9 | F12: 68 | K12: 36.8 | O12: 35.7 | P12: 42.6 | Q12: 37.5 | V12: 44.3 | W12: 23.4
E13: 32.3 | F13: 159.9 | K13: 57.8 | P13: 18.9 | Q13: 83.6 | V13: 19 | W13: 32.9
E14: 76 | K14: 77.6 | P14: 80.8 | Q14: 66 | V14: 18.6 | W14: 52.9
E15: 33.4 | P15: 56.2 | Q15: 68 | V15: 50.9 | W15: 92.7
E16: 19.3 | Q16: 22.4 | V16: 39
E17: 32.8 | Q17: 52.9
E18: 21 | Q18: 19.5

Sheet Gastos-Março
A1: 46082 | B1: 46085 | C1: 46086 | D1: 46087 | E1: 46088 | F1: 46089 | G1: 46092 | H1: 46093 | I1: 46094 | J1: 46095 | K1: 46096 | L1: 46098 | M1: 46099 | N1: 46100 | O1: 46101 | P1: 46102 | Q1: 46103 | R1: 46105 | S1: 46106 | T1: 46107 | U1: 46108 | V1: 46109 | W1: 46110
A2: 67 | B2: 55 | C2: 57 | D2: 57.5 | E2: 93 | F2: 74.5 | G2: 49.5 | H2: 46 | I2: 69 | J2: 61.5 | K2: 79.5 | L2: 55 | M2: 64.5 | N2: 58 | O2: 60.5 | P2: 87.3 | Q2: 83 | R2: 55 | S2: 58 | T2: 52 | U2: 70 | V2: 71 | W2: 73
C3: 112 | D3: 559 | E3: 50 | H3: 37.99 | I3: 386.29 | K3: 115 | M3: 51.39 | O3: 73.96 | P3: 110 | Q3: 115 | T3: 91.78 | U3: 37.38 | V3: 155 | W3: 115
D4: 295.2 | H4: 70.38 | I4: 18.81 | M4: 27 | O4: 9 | P4: 310.67 | Q4: 10.3 | T4: 59.38 | U4: 271 | V4: 12 | W4: 10
D5: 130.14 | P5: 300.12 | Q5: 13.99 | T5: 83.56
D6: 89.85
D7: 15.96
D8: 100
D9: 50

Sheet Abril
A1: 46113 | B1: 46114 | C1: 46115 | D1: 46116 | E1: 46117 | F1: 46119 | G1: 46120 | H1: 46121 | I1: 46122 | J1: 46123 | K1: 46124 | L1: 46127 | M1: 46128 | N1: 46129 | O1: 46130 | P1: 46131 | Q1: 46133 | R1: 46134 | S1: 46135 | T1: 46136 | U1: 46137 | V1: 46138 | W1: 46140 | X1: 46141 | Y1: 46142
A2: 68.5 | B2: 61 | C2: 36.4 | D2: 65 | E2: 47.7 | F2: 57.4 | G2: 21.9 | H2: 74 | I2: 21.4 | J2: 55.3 | K2: 65.8 | L2: 110.7 | M2: 41.9 | N2: 15.4 | O2: 37.2 | P2: 49.4 | Q2: 68.1 | R2: 100.6 | S2: 63.2 | T2: 140.9 | U2: 123.7 | V2: 49.5 | W2: 44 | X2: 44.8 | Y2: 38
A3: 39 | B3: 45 | C3: 27.5 | D3: 64.4 | E3: 69 | F3: 49 | G3: 69 | H3: 46.2 | I3: 83.4 | J3: 18.5 | K3: 20.6 | L3: 57.1 | M3: 34 | N3: 23.4 | O3: 38 | P3: 98.1 | Q3: 50.5 | R3: 52.7 | S3: 19.9 | T3: 58.5 | U3: 21.1 | V3: 48 | W3: 77.4 | X3: 69 | Y3: 43.3
A4: 94.3 | B4: 43.9 | C4: 47 | D4: 55 | E4: 65.4 | F4: 6 | G4: 37.5 | H4: 132.1 | I4: 31.8 | J4: 45 | K4: 46.6 | L4: 38.9 | M4: 48.6 | N4: 32.3 | O4: 42 | P4: 26.5 | Q4: 69.4 | R4: 80.5 | S4: 43.9 | T4: 29.6 | U4: 85.8 | V4: 22.9 | W4: 84.5 | X4: 36.1 | Y4: 44.8
A5: 104.4 | B5: 67 | C5: 19.9 | D5: 18.4 | E5: 101.4 | G5: 61 | H5: 18.4 | I5: 122.6 | J5: 64.7 | K5: 52.9 | L5: 37 | M5: 59.7 | N5: 85 | O5: 52.9 | P5: 26 | Q5: 37.6 | R5: 38.5 | S5: 39.4 | T5: 5.5 | U5: 39.8 | V5: 49.5 | W5: 45.4 | X5: 39.9 | Y5: 28.8
A6: 37.2 | B6: 16.7 | C6: 56 | D6: 64.7 | E6: 40.3 | G6: 21.6 | H6: 26.5 | I6: 22.9 | J6: 74.8 | K6: 65 | L6: 68.4 | M6: 19 | N6: 53.5 | O6: 22.4 | P6: 152.3 | Q6: 53.7 | R6: 30.8 | S6: 21.8 | T6: 69 | U6: 27.5 | V6: 17 | W6: 53 | Y6: 55.8
B7: 40.2 | C7: 32.9 | D7: 47 | E7: 37 | G7: 117.9 | H7: 85.5 | I7: 16.9 | J7: 81.8 | K7: 50.3 | L7: 18 | N7: 74.7 | O7: 54.5 | P7: 24.6 | Q7: 53.8 | R7: 39.4 | T7: 60.7 | U7: 110.8 | V7: 16.9 | W7: 22.4 | Y7: 91.9
B8: 18.4 | C8: 52 | D8: 47.7 | E8: 38.5 | G8: 15.6 | H8: 88.5 | I8: 22.4 | J8: 49 | K8: 69 | L8: 41.5 | N8: 19.9 | O8: 37.5 | Q8: 26.5 | T8: 36.9 | U8: 53.2 | V8: 95 | W8: 32.9 | Y8: 23.5
B9: 69 | D9: 49.4 | E9: 43.8 | H9: 33.8 | I9: 50.4 | J9: 36.4 | K9: 31 | N9: 53.6 | O9: 50.8 | Q9: 30.6 | T9: 18 | U9: 39.5 | V9: 29.7 | W9: 25.9 | Y9: 75.5
B10: 37.5 | D10: 21.3 | E10: 58.8 | H10: 39.9 | J10: 33.9 | O10: 22.4 | Q10: 106.3 | T10: - | U10: 18.5 | V10: 21 | W10: 21 | Y10: 70.4
B11: 22.9 | D11: 74 | E11: 56.8 | J11: 118.2 | O11: 52.9 | U11: 48.9 | V11: 19.5 | Y11: 38.9
B12: 84.9 | E12: 17.5 | J12: 46.4 | O12: 72.5 | U12: 22.4 | Y12: 37.6
B13: 61.2 | E13: 41.9 | J13: 49.8 | O13: 58.7 | Y13: 69
B14: 46.4 | J14: 51.1 | O14: 58.6 | Y14: 18.4
B15: 25.9 | J15: 21.4 | Y15: 45.5
J16: 37 | Y16: 18.9
Y17: 15.5

Sheet Gastos-Abril
A1: 46113 | B1: 46114 | C1: 46115 | D1: 46116 | E1: 46117 | F1: 46119 | G1: 46120 | H1: 46121 | I1: 46122 | J1: 46123 | K1: 46124 | L1: 46127 | M1: 46128 | N1: 46129 | O1: 46130 | P1: 46131 | Q1: 46133 | R1: 46134 | S1: 46135 | T1: 46136 | U1: 46137 | V1: 46138 | W1: 46140 | X1: 46141 | Y1: 46142
A2: 50 | B2: 75.6 | C2: 64.5 | D2: 69.5 | E2: 76 | F2: 40 | G2: 52.5 | H2: 73 | I2: 75.5 | J2: 85.4 | K2: 68 | L2: 57 | M2: 43.5 | N2: 90 | O2: 96 | P2: 62.5 | Q2: 70 | R2: 55 | S2: 58.5 | T2: 64.5 | U2: 82.5 | V2: 66.5 | W2: 63 | X2: 49 | Y2: 78
C3: 56 | D3: 434.45 | I3: 300 | J3: 55 | L3: 121.99 | M3: 50 | N3: 50 | O3: 50 | P3: 50 | Q3: 473.22 | R3: 170 | S3: 196.08 | U3: 110 | V3: 115 | Y3: 22.02
C4: 110 | J4: 10.81 | P4: 123 | S4: 56.47 | U4: 414.79
C5: 9 | J5: 366.4 | U5: 269.49
J6: 332.59

Sheet Maio
A1: 46143 | B1: 46144 | C1: 46145 | D1: 46147 | E1: 46148 | F1: 46149 | G1: 46150 | H1: 09//05 | I1: 46154 | J1: 46155 | K1: 46156 | L1: 46157 | M1: 46158 | N1: 46159 | O1: 46161 | P1: 46162 | Q1: 46163 | R1: 46164 | S1: 46165 | T1: 46166 | U1: 46169 | V1: 46170 | W1: 46171 | X1: 46172 | Y1: 46173
A2: 62 | B2: 26.5 | C2: 21.4 | D2: 58.6 | E2: 30.5 | F2: 14 | G2: 59.7 | H2: 78 | I2: 68.5 | J2: 17 | K2: 38.2 | L2: 38.2 | M2: 49 | N2: 52 | O2: 64 | P2: 25.4 | Q2: 47.4 | R2: 12 | S2: 59.7 | T2: 16 | U2: 39.4 | V2: 113.5 | W2: 49.2 | X2: 13.5 | Y2: 30.8
A3: 42.1 | B3: 64 | C3: 56.4 | D3: 16 | E3: 57 | F3: 7 | G3: 77.6 | H3: 45.2 | I3: 26.7 | J3: 8 | L3: 29.9 | M3: 32.3 | N3: 34.2 | O3: 52.9 | P3: 25.4 | Q3: 52.9 | R3: 50.6 | S3: 85.1 | T3: 55.6 | U3: 59.2 | V3: 49.2 | W3: 135.4 | X3: 30.8 | Y3: 87.5
A4: 45 | B4: 72.7 | C4: 46.8 | D4: 85.9 | E4: 56 | F4: 26 | G4: 119.8 | H4: 33.8 | I4: 73 | J4: 16 | L4: 31.9 | M4: 26 | N4: 61.2 | O4: 45.5 | P4: 53.6 | Q4: 68 | R4: 48.5 | S4: 43.2 | T4: 27.4 | U4: 79 | V4: 52 | W4: 32.3 | X4: 110.8 | Y4: 43.2
A5: 49.5 | B5: 40.9 | C5: 43.2 | D5: 52.6 | E5: 48 | F5: 15 | G5: 19.5 | H5: 38.8 | I5: 39.5 | J5: 8 | L5: 171 | M5: 18.6 | N5: 18.6 | O5: 36 | P5: 47.2 | Q5: 56 | R5: 83.4 | S5: 92.6 | T5: 47.2 | V5: 102.9 | W5: 70.8 | X5: 137.9 | Y5: 84.6
A6: 51 | B6: 56.2 | C6: 49.8 | D6: 65.8 | E6: 77.2 | F6: 31.9 | G6: 68 | H6: 93.8 | I6: 29.4 | J6: 35.2 | L6: 45 | M6: 47.2 | N6: 57.9 | O6: 31.8 | P6: 15 | Q6: 35 | R6: 37.5 | S6: 32.3 | T6: 29.3 | V6: 15.4 | W6: 43.6 | X6: 15.4 | Y6: 69
A7: 70 | B7: 108.8 | C7: 26.5 | D7: 54.7 | E7: 69 | F7: 60 | G7: 45.4 | H7: 19 | I7: 65 | J7: 24.9 | L7: 49.8 | M7: 67.4 | N7: 30.9 | P7: 85 | Q7: 54.4 | R7: 57.5 | S7: 85.3 | T7: 41.2 | V7: 100 | W7: 46.4 | X7: 77.5 | Y7: 19.5
A8: 43.9 | B8: 80.8 | C8: 22.5 | D8: 59.8 | E8: 89.5 | F8: 71.3 | G8: 68.3 | H8: 68 | I8: 81 | J8: 52 | L8: 67.3 | M8: 38 | N8: 28.4 | Q8: 13 | R8: 24.8 | S8: 33.8 | T8: 17.5 | W8: 38.5 | X8: 74.5 | Y8: 68.5
A9: 18.6 | B9: 90.4 | C9: 27 | D9: 68 | E9: 38 | F9: 29.4 | G9: 81 | H9: 22.5 | M9: 28.3 | N9: 21.9 | Q9: 50 | R9: 45.9 | S9: 47.5 | T9: 33.8 | W9: 24.8 | X9: 30.5 | Y9: 25.3
A10: 68 | B10: 107.6 | C10: 84.6 | D10: 26 | E10: 31.5 | F10: 18.4 | G10: 82.3 | H10: 69 | M10: 31 | N10: 50.8 | R10: 71.6 | S10: 56.7 | T10: 37.5 | W10: 75.6 | X10: 104.2 | Y10: 33.5
A11: 68 | B11: 18.4 | C11: 64.9 | D11: 70 | E11: 7 | F11: 38 | G11: 68 | H11: 62.9 | M11: 41.4 | N11: 47.1 | R11: 31.5 | S11: 69 | T11: 40 | W11: 39.9 | X11: 45.4 | Y11: 68.4
A12: 23.4 | B12: 23.5 | C12: 24.9 | E12: 22.4 | G12: 47.4 | H12: 25.9 | M12: 53.9 | N12: 64.8 | R12: 39.9 | S12: 26.9 | T12: 60.7 | W12: 26.7 | X12: 90.2 | Y12: 30.8
A13: 56.6 | B13: 24.6 | C13: 33.8 | G13: 22.5 | H13: 43.8 | M13: 20.4 | N13: 53.3 | R13: 36.5 | S13: 58.6 | T13: 42.9 | W13: 89.7 | X13: 39.9 | Y13: 43.8
A14: 161.5 | B14: 38.9 | C14: 36.8 | G14: 39.5 | H14: 16.9 | M14: 22 | R14: 39 | T14: 18.4 | W14: 24.8 | X14: 102.8 | Y14: 82.8
A15: 40.9 | B15: 37.5 | G15: 21.9 | H15: 40 | M15: 65 | R15: 18.9 | T15: 30.8 | W15: 57.8 | X15: 15 | Y15: 93.6
A16: 158.4 | B16: 18.5 | H16: 50.7 | M16: 53.5 | R16: 57.5 | T16: 54.5 | X16: 65 | Y16: 16.9
B17: 38.8 | H17: 66.6 | R17: 50 | T17: 269 | X17: 38.8 | Y17: 115
B18: 18.4 | H18: 37.9 | X18: 47.1 | Y18: 36
B19: 32.3 | H19: 35.7 | X19: 22.6 | Y19: 43.9
B20: 26.5 | H20: 43.6 | X20: 36.8
B21: 75.8 | H21: 67.9 | X21: 57.7
H22: 146.9 | X22: 106.7

Sheet Gastos-Maio
A1: 46143 | B1: 46144 | C1: 46145 | D1: 46147 | E1: 46148 | F1: 46149 | G1: 46150 | H1: 46151 | I1: 46154 | J1: 46155 | K1: 46156 | L1: 46157 | M1: 46158 | N1: 46159 | O1: 46161 | P1: 46162 | Q1: 46163 | R1: 46164 | S1: 46165 | T1: 46166 | U1: 46169 | V1: 46170 | W1: 46171 | X1: 46172 | Y1: 46173
A2: 91 | B2: 85.5 | C2: 73 | D2: 55 | E2: 63.5 | F2: 64 | G2: 78.1 | H2: 91.5 | I2: 55.5 | J2: 54 | K2: 40 | L2: 72 | M2: 85 | N2: 81.5 | O2: 59.5 | P2: 46.5 | Q2: 52 | R2: 97 | S2: 89 | T2: 84 | U2: 50.5 | V2: 52 | W2: 88 | X2: 84.5 | Y2: 100.5
A3: 115 | B3: 396.02 | E3: 13 | F3: 90.33 | G3: 50 | H3: 50 | L3: 110 | M3: 32.9 | N3: 50 | Q3: 123 | R3: 120 | S3: 50 | T3: 50 | X3: 120 | Y3: 100
A4: 19.55 | B4: 65.49 | E4: 207.2 | F4: 190.73 | H4: 122 | M4: 263.38 | N4: 177 | S4: 406.1 | U4: 46.8 | X4: 9 | Y4: 9
A5: 22.03 | B5: 54.65 | H5: 25 | M5: 296.69 | U5: 409.08 | Y5: 62
U6: 3 | Y6: 231.63
U7: 267.4

Sheet Junho
A1: 46175 | B1: 46176 | C1: 46177 | D1: 46178 | E1: 46179 | F1: 46180 | G1: 46182 | H1: 46183 | I1: 46184 | J1: 46185 | K1: 46186 | L1: 46187 | M1: 46190 | N1: 46191 | O1: 46192 | P1: 46193 | Q1: 46194 | R1: 46198 | S1: 46199 | T1: 46200 | U1: 46201
A2: 106.7 | B2: 52 | C2: 89.4 | D2: 15.4 | E2: 64.9 | F2: 40.8 | G2: 78.3 | H2: 65.6 | I2: 76 | J2: 29.8 | K2: 42.7 | L2: 31.6 | M2: 79.4 | N2: 22.3 | O2: 42.8 | P2: 43.4 | Q2: 30.8 | R2: 38 | S2: 21.1 | T2: 46.2 | U2: 25.9
A3: 68 | B3: 68.5 | C3: 102.6 | D3: 34 | E3: 35.7 | F3: 43 | G3: 87 | H3: 21.9 | I3: 38 | J3: 39.8 | K3: 18.4 | L3: 115.1 | M3: 39.8 | N3: 16.9 | O3: 79.6 | P3: 46.2 | Q3: 36.9 | R3: 37.5 | S3: 29 | T3: 70 | U3: 60.5
A4: 70.6 | B4: 94.6 | C4: 183.5 | D4: 39.9 | E4: 53.9 | F4: 40 | G4: 28.3 | H4: 27.5 | I4: 18.4 | J4: 33.4 | K4: 46.4 | L4: 88.7 | M4: 50.6 | N4: 71.3 | O4: 32.3 | P4: 107.7 | Q4: 31.2 | R4: 68.2 | S4: 38.2 | T4: 68 | U4: 102.6
A5: 18.9 | B5: 65.7 | C5: 133.5 | D5: 74.1 | E5: 55.8 | F5: 42.7 | G5: 28 | H5: 60.8 | I5: 35.9 | J5: 27.9 | K5: 24.8 | L5: 45.4 | M5: 23.4 | N5: 80.9 | O5: 21.3 | P5: 107 | Q5: 74 | R5: 23.9 | S5: 69 | T5: 68.6 | U5: 163.6
B6: 54.6 | C6: 80.5 | D6: 23.3 | E6: 56.5 | F6: 17.5 | H6: 37.5 | I6: 50.8 | J6: 52 | K6: 59.7 | L6: 31.6 | M6: 26.4 | N6: 58.8 | O6: 25.6 | P6: 36.4 | Q6: 39.8 | R6: 55 | S6: 22.4 | T6: 24.8 | U6: 72.7
C7: 67.3 | D7: 37 | E7: 182.5 | F7: 68 | H7: 21.9 | I7: 18.6 | J7: 129.4 | K7: 28.7 | L7: 43.2 | M7: 11 | O7: 43.2 | P7: 16.9 | Q7: 19.7 | R7: 40 | S7: 21.8 | T7: 41.8 | U7: 87.4
C8: 105.5 | D8: 98.5 | E8: 40 | F8: 32.9 | H8: 16.9 | I8: 71.6 | J8: 87.6 | K8: 43.6 | L8: 91.7 | O8: 75.4 | P8: 33 | Q8: 46 | S8: 52 | T8: 43.4 | U8: 62.5
C9: 76.5 | D9: 37.5 | E9: 22.5 | F9: 53.1 | I9: 43.3 | J9: 49.6 | K9: 16.7 | L9: 24.8 | O9: 69 | P9: 81.8 | Q9: 57.8 | S9: 34.4 | T9: 31 | U9: 43
C10: 39.9 | D10: 39.5 | E10: 23.5 | F10: 27.4 | J10: 47.7 | L10: 22.5 | O10: 48 | P10: 114 | Q10: 26 | S10: 67.3 | T10: 68 | U10: 33.9
C11: 26.8 | D11: 16 | E11: 17 | F11: 36.3 | J11: 96.8 | L11: 16.9 | O11: 50 | P11: 19.7 | Q11: 18.4 | S11: 42.5 | U11: 18
E12: 38 | F12: 54.2 | J12: 117.8 | L12: 46.5 | P12: 53 | Q12: 49.5 | U12: 25.5
E13: 23.5 | F13: 30.8 | J13: 33.9 | L13: 16 | P13: 17 | U13: 37
E14: 68.4 | F14: 41.5 | J14: 19 | P14: 37.4 | U14: 54.8
E15: 68 | J15: 35.7 | P15: 42 | U15: 43.3
E16: 59.8 | P16: 43.2
E17: 23 | P17: 23
E18: 36.2 | P18: 18.9
E19: 52.9 | P19: 47.9
P20: 74

Sheet Gastos-Junho
A1: 46175 | B1: 46176 | C1: 46177 | D1: 46178 | E1: 46179 | F1: 46180 | G1: 46182 | H1: 46183 | I1: 46184 | J1: 46185 | K1: 46186 | L1: 46190 | M1: 46191 | N1: 46192 | O1: 46193 | P1: 46194 | Q1: 46198 | R1: 46199 | S1: 46200 | T1: 46201
A2: 52 | B2: 57.5 | C2: 61 | D2: 66.5 | E2: 73.5 | F2: 78 | G2: 51 | H2: 58 | I2: 63 | J2: 88.2 | K2: 60.5 | L2: 59 | M2: 59 | N2: 63 | O2: 96 | P2: 66.5 | Q2: 56 | R2: 66 | S2: 65 | T2: 82
D3: 95 | E3: 230 | F3: 88 | G3: 115 | H3: 315.2 | I3: 35.88 | J3: 15.9 | M3: 120 | P3: 88 | R3: 110 | T3: 100
D4: 56 | I4: 146.38 | P4: 65 | R4: 115 | T4: 40

Sheet Julho
A1: 46204 | B1: 46205 | C1: 46206 | D1: 46207 | E1: 46208 | F1: 46210 | G1: 46211 | H1: 46212 | I1: 46213 | J1: 46214 | K1: 46215 | L1: 46217 | M1: 46218 | N1: 46219 | O1: 46220 | P1: 46221 | Q1: 46222 | R1: 46225 | S1: 46226 | T1: 46227 | U1: 46228 | V1: 46231 | W1: 46232 | X1: 46233 | Y1: 46234
A2: 53.4 | B2: 27.8 | C2: 32 | D2: 84.5 | E2: 60 | F2: 43.3 | G2: 26 | H2: 80.6 | I2: 37.8 | J2: 40.3 | K2: 76.6 | L2: 15.6 | M2: 44.7 | N2: 37.3 | O2: 18.5 | P2: 19 | Q2: 98.7 | R2: 18.4 | S2: 24.8 | T2: 35.3 | U2: 104.1 | V2: 15 | W2: 22.5 | X2: 31.6 | Y2: 15.4
A3: 80.9 | B3: 79 | C3: 16.9 | D3: 33 | E3: 23.4 | F3: 54.8 | G3: 55.5 | H3: 89.2 | I3: 54.9 | J3: 34.4 | K3: 107.8 | L3: 74.6 | M3: 82.7 | N3: 64.7 | O3: 38 | P3: 27.4 | Q3: 49.9 | R3: 46.2 | S3: 90.2 | T3: 69.2 | U3: 33.4 | V3: 44.7 | W3: 36.8 | X3: 93.8 | Y3: 26.5
A4: 68 | B4: 52.8 | C4: 60.5 | D4: 62.5 | E4: 115 | F4: 30.9 | G4: 41.8 | H4: 50.1 | I4: 147.2 | J4: 39.4 | K4: 27 | L4: 117.8 | M4: 51.7 | N4: 74.2 | O4: 16.9 | P4: 16 | Q4: 44.1 | R4: 41.8 | S4: 41.5 | T4: 46 | U4: 61.8 | W4: 21.6 | X4: 70.8 | Y4: 46
A5: 52.9 | B5: 36.4 | C5: 46.2 | D5: 115.3 | E5: 69 | F5: 38.5 | G5: 18.6 | H5: 47.8 | I5: 89 | J5: 83 | K5: 27.5 | L5: 116.6 | M5: 67 | N5: 45.9 | O5: 52.9 | P5: 43.2 | Q5: 36.4 | R5: 83.4 | S5: 92 | T5: 41 | U5: 26 | W5: 39.6 | X5: 81.8 | Y5: 18.4
A6: 77.6 | B6: 71 | C6: 39.4 | D6: 47.2 | E6: 46.9 | F6: 38.1 | G6: 176 | H6: 15.4 | I6: 15 | J6: 38.8 | K6: 29 | L6: 45 | M6: 48.5 | N6: 57.5 | O6: 53.8 | P6: 54.7 | Q6: 30 | R6: 49.8 | S6: 52.2 | T6: 34.2 | U6: 88.7 | W6: 15.4 | X6: 16.9 | Y6: 113.7
A7: 51.4 | B7: 36 | C7: 58.8 | D7: 65 | E7: 54.8 | G7: 55.7 | H7: 39.8 | I7: 149.9 | J7: 31 | K7: 49 | M7: 59.7 | O7: 63.5 | P7: 18.4 | Q7: 33.5 | R7: 62.5 | T7: 30.4 | U7: 49.4 | Y7: 52.8
A8: 58.7 | B8: 43.7 | C8: 92 | D8: 26 | E8: 41 | G8: 22.9 | H8: 82 | I8: 183.7 | J8: 41.4 | K8: 50.8 | P8: 58.3 | Q8: 18.6 | R8: 53.5 | U8: 58.7 | Y8: 30.4
A9: 28 | C9: 26.9 | D9: 43.2 | E9: 21.9 | G9: 54.4 | H9: 48.6 | I9: 94.8 | J9: 93.8 | K9: 27.4 | P9: 77.2 | Q9: 35 | R9: 37.3 | U9: 66.7 | Y9: 92.2
C10: 68.3 | D10: 16.9 | E10: 23.9 | G10: 34 | H10: 10 | I10: 86.5 | J10: 26.7 | K10: 36.4 | P10: 35.9 | Q10: 75.8 | R10: 31 | U10: 85.3 | Y10: 49.6
C11: 72.8 | D11: 46.2 | E11: 60.1 | G11: 39.2 | H11: 54.7 | I11: 32.3 | J11: 56.8 | K11: 29 | P11: 42.9 | Q11: 70.5 | U11: 18.4 | Y11: 22.5
C12: 53 | D12: 124.8 | E12: 36.9 | H12: 38.5 | I12: 52.6 | J12: 26 | K12: 23.9 | Q12: 47.9 | Y12: 50.8
C13: 35.7 | D13: 81.8 | E13: 127.203 | H13: 33.8 | I13: 85.8 | K13: 35.1 | Q13: 52.9 | Y13: 29.4
C14: 38.5 | D14: 31.9 | E14: 90.5 | H14: 18.6 | I14: 60.8 | K14: 77 | Q14: 67.3
C15: 70.9 | D15: 37 | H15: 18.4 | I15: 18.9
C16: 18 | D16: 38 | I16: 33.8
C17: 50 | D17: 36
D18: 60
D19: 48.5
D20: 38
D34: 7

Sheet Gastos-Julho
A1: 46204 | B1: 46205 | C1: 46206 | D1: 46207 | E1: 46208 | F1: 46210 | G1: 46211 | H1: 46212 | I1: 46213 | J1: 46214 | K1: 46215 | L1: 46217 | M1: 46218 | N1: 46219 | O1: 46220 | P1: 46221 | Q1: 46222 | R1: 46225 | S1: 46226 | T1: 46227 | U1: 46228 | V1: 46231 | W1: 46232 | X1: 46233 | Y1: 46234
A2: 61 | B2: 60 | C2: 101.5 | D2: 92.5 | E2: 75.5 | F2: 52.5 | G2: 61 | H2: 69 | I2: 96 | J2: 76 | K2: 85.5 | L2: 56 | M2: 55 | N2: 55 | O2: 63 | P2: 70 | Q2: 77 | R2: 63 | S2: 55 | T2: 54 | U2: 66 | V2: 46 | W2: 46 | X2: 52 | Y2: 72
B3: 69 | C3: 152 | D3: 114 | E3: 10 | H3: 462 | I3: 8 | J3: 6 | K3: 150 | L3: 110 | O3: 142 | P3: 374.35 | R3: 65 | T3: 37.99 | U3: 100 | Y3: 115
C4: 357.6 | D4: 150 | E4: 100.003 | H4: 123 | J4: 79.73 | O4: 400 | P4: 350.47 | R4: 8 | T4: 42.59 | U4: 192.88
J5: 13.8 | T5: 62.96

Sheet Agosto
A1: 46235 | B1: 46236 | C1: 46238 | D1: 46239 | E1: 46209 | F1: 46241 | G1: 46242 | H1: 46246 | I1: 46247 | J1: 46248 | K1: 46249 | L1: 46250 | M1: 46252 | N1: 46253 | O1: 46254 | P1: 46255 | Q1: 46256 | R1: 46257 | S1: 46260 | T1: 46261 | U1: 46262 | V1: 46263 | W1: 46264
A2: 33.4 | B2: 36.3 | C2: 64.2 | D2: 74.4 | E2: 24 | F2: 68.5 | G2: 62.6 | H2: 16.9 | I2: 6 | J2: 46.2 | K2: 38.2 | L2: 61 | M2: 29.8 | N2: 100 | O2: 36 | P2: 106 | Q2: 41.4 | R2: 46.2 | S2: 16.9 | T2: 11 | U2: 15.6 | V2: 30.4 | W2: 112.9
A3: 21.4 | B3: 52.9 | C3: 33.8 | D3: 19.5 | E3: 78.5 | F3: 73.5 | G3: 85.2 | H3: 67.5 | I3: 39.9 | J3: 31.2 | K3: 63.5 | L3: 42.7 | M3: 93.1 | N3: 23 | O3: 180.7 | P3: 80.7 | Q3: 105.4 | R3: 60.8 | S3: 70.8 | T3: 16.9 | U3: 33.9 | V3: 58.4 | W3: 51.6
A4: 176 | B4: 88.8 | C4: 23 | D4: 107.6 | E4: 22 | F4: 105.8 | G4: 46.4 | H4: 87.5 | I4: 28.3 | J4: 26.9 | K4: 75.3 | L4: 41.7 | M4: 40 | N4: 17.5 | O4: 59.3 | P4: 105.4 | Q4: 15.6 | R4: 18.5 | S4: 45.9 | T4: 85.5 | U4: 37.2 | V4: 37.2 | W4: 52.9
A5: 88.8 | B5: 33.9 | C5: 43.6 | D5: 37.5 | E5: 56.3 | F5: 33.4 | G5: 33.4 | H5: 43.8 | I5: 49.5 | J5: 43.2 | K5: 31.4 | L5: 39 | M5: 41 | O5: 41.5 | P5: 40.8 | Q5: 152 | R5: 58.1 | S5: 21.9 | T5: 15 | U5: 60.7 | V5: 78.6 | W5: 15.4
A6: 49.8 | B6: 27 | D6: 42.9 | E6: 14 | F6: 54.7 | G6: 52.4 | H6: 39.5 | I6: 19.5 | J6: 62 | K6: 64.5 | L6: 30 | M6: 43.8 | O6: 42.3 | P6: 113.9 | Q6: 16.9 | R6: 49.7 | T6: 19.5 | U6: 102.2 | V6: 56 | W6: 47.6
A7: 49.2 | B7: 75 | D7: 61 | E7: 42.7 | F7: 26 | G7: 22.5 | H7: 80.5 | I7: 83.9 | J7: 132.5 | K7: 19.5 | L7: 22.5 | M7: 48 | O7: 18.4 | P7: 21 | Q7: 18 | R7: 26 | T7: 17.5 | U7: 109.7 | V7: 48.5 | W7: 23.9
A8: 18.4 | B8: 52.8 | D8: 42.6 | F8: 85.3 | G8: 46.9 | I8: 35.7 | J8: 23.4 | K8: 18.4 | L8: 85.7 | M8: 31.5 | Q8: 56.1 | R8: 16.9 | U8: 170.4 | V8: 47 | W8: 75
A9: 64.8 | B9: 19 | F9: 64.6 | G9: 18.6 | I9: 47.8 | J9: 38.9 | K9: 92.4 | L9: 36.5 | M9: 45.3 | Q9: 67.3 | R9: 49.9 | U9: 102.7 | V9: 49 | W9: 62
A10: 40.8 | B10: 78.8 | F10: 76.2 | G10: 64.6 | J10: 30.9 | K10: 32.3 | L10: 49.5 | Q10: 49.2 | U10: 123.3 | V10: 54.9 | W10: 39
A11: 38.8 | B11: 151 | F11: 22 | G11: 33.8 | K11: 33.8 | Q11: 39.9 | U11: 68.5 | V11: 50.8 | W11: 49.8
A12: 118.9 | G12: 50.8 | K12: 49.6 | U12: 22.5 | V12: 43.8 | W12: 42
A13: 21 | G13: 27 | K13: 54.5 | U13: 43.5 | W13: 45.5
A14: 42.9 | G14: 24.8 | K14: 49.6 | U14: 173 | W14: 77.6
G15: 20.5 | K15: 117.8 | U15: 36.4 | W15: 36
G16: 37.3 | U16: 21
U17: 83.2
U18: 39.2
U19: 19.5
U20: 18.4
U21: 51.8
U22: 26

Sheet Gastos-Agosto
A1: 46235 | B1: 46236 | C1: 46238 | D1: 46239 | E1: 46240 | F1: 46241 | G1: 46242 | H1: 46246 | I1: 46247 | J1: 46217 | K1: 46249 | L1: 46250 | M1: 46252 | N1: 46253 | O1: 46254 | P1: 46255 | Q1: 46256 | R1: 46257 | S1: 46260 | T1: 46261 | U1: 46262 | V1: 46263 | W1: 46264
A2: 84 | B2: 63 | C2: 43 | D2: 60 | E2: 55 | F2: 73 | G2: 79 | H2: 52 | I2: 58 | J2: 71 | K2: 79 | L2: 72.5 | M2: 67 | N2: 43 | O2: 55.5 | P2: 57 | Q2: 64.5 | R2: 60 | S2: 46 | T2: 52 | U2: 85 | V2: 70 | W2: 80
A3: 295.2 | B3: 100 | C3: 490.63 | D3: 177 | F3: 115 | G3: 100 | J3: 220.7 | K3: 50 | L3: 50 | M3: 114.99 | Q3: 113.5 | S3: 118 | U3: 83.03 | V3: 125
F4: 399.4 | J4: 231.3 | K4: 200 | L4: 38.5 | M4: 110 | Q4: 82.1 | U4: 125 | V4: 1049.35
Q5: 102

Sheet Setembro
A1: 46266 | B1: 46267 | C1: 46268 | D1: 46269 | E1: 46270 | F1: 46271 | G1: 46273 | H1: 46243 | I1: 46275 | J1: 46276 | K1: 46277 | L1: 46278 | M1: 46280 | N1: 46281 | O1: 46282 | P1: 46283 | Q1: 46284
A2: 114.9 | B2: 35.8 | C2: 23.4 | D2: 65.4 | E2: 112.9 | F2: 49.9 | G2: 83.3 | H2: 36.4 | I2: 32.8 | J2: 85 | K2: 43.2 | L2: 58 | M2: 16.9 | O2: 16.9 | P2: 36.3 | Q2: 62.4
A3: 15 | B3: 15.6 | C3: 62.7 | D3: 28.5 | E3: 46.5 | F3: 37.6 | G3: 29.4 | H3: 22.5 | I3: 33.3 | J3: 75.4 | K3: 32.7 | L3: 30.8 | M3: 67.3 | O3: 49.7 | P3: 11 | Q3: 21
A4: 14 | C4: 45.6 | D4: 43.2 | E4: 22.5 | F4: 62.9 | G4: 36.4 | H4: 32.9 | I4: 15 | J4: 45.5 | K4: 19.5 | L4: 100.9 | O4: 34 | P4: 33.8 | Q4: 27.8
A5: 116.8 | D5: 63.8 | E5: 32.3 | F5: 27 | G5: 16.9 | I5: 64.8 | J5: 49 | K5: 86 | L5: 92.7 | P5: 18.4 | Q5: 45.5
A6: 149.9 | D6: 40.8 | E6: 39 | F6: 74 | G6: 81.8 | I6: 60.9 | J6: 62.6 | K6: 51.8 | L6: 52.9 | P6: 15 | Q6: 61.9
A7: 108.9 | D7: 46.4 | E7: 49.8 | F7: 34.2 | I7: 7 | J7: 18.4 | K7: 37.9 | L7: 38.8 | P7: 162.8 | Q7: 18.4
A8: 43.2 | D8: 57.3 | E8: 27 | F8: 107.6 | J8: 54.6 | K8: 51.3 | P8: 102.9 | Q8: 117.8
A9: 81.5 | D9: 36.4 | E9: 24.8 | J9: 33.8 | K9: 19.5 | P9: 26.5 | Q9: 41
A10: 47.2 | D10: 49.6 | E10: 81.7 | J10: 59 | K10: 34 | P10: 51.5 | Q10: 36.1
D11: 95 | K11: 41.2 | Q11: 27.9
D12: 80.1 | K12: 68.2 | Q12: 51.8
D13: 40.8 | K13: 49.6 | Q13: 41
D14: 44.2 | Q14: 19
D15: 102 | Q15: 49
D16: 112.3
D17: 35.8
D18: 16.6

Sheet Gastos-Setembro
A1: 46266 | B1: 46267 | C1: 46268 | D1: 46269 | E1: 46270 | F1: 46271 | G1: 46273 | H1: 46243 | I1: 46275 | J1: 46276 | K1: 46277 | L1: 46278 | M1: 46280 | N1: 46281 | O1: 46282 | P1: 46283 | Q1: 46284
A2: 69 | B2: 40 | C2: 49 | D2: 73 | E2: 70.5 | F2: 68 | G2: 60 | H2: 49.5 | I2: 52 | J2: 70 | K2: 71.5 | L2: 60 | M2: 46 | N2: 40 | O2: 43 | P2: 69 | Q2: 75
B3: 108 | C3: 89 | D3: 79.85 | E3: 119.56 | F3: 100 | K3: 116 | L3: 61 | O3: 206.66 | P3: 120 | Q3: 570
C4: 114 | E4: 91.73 | K4: 186 | L4: 50 | P4: 160
E5: 95.7 | K5: 50
K6: 9

Sheet Fechamento-Ano
A1: 2026 | B1: Janeiro | C1: Fevereiro | D1: Março | E1: Abril | F1: Maio | G1: Junho | H1: Julho | I1: Agosto | J1: Setembro | K1: Outubro | L1: Novembro | M1: Dezembro | O1: Total | P1: Diferença:
A2: Vendido | B2: =SUM(Janeiro!A2:Z34) -> 10053.9 | C2: =SUM(Fevereiro!A2:Z54) -> 13818.5 | D2: =SUM('Março'!A2:Z37) -> 11540.6 | E2: =SUM(Abril!A2:Z29) -> 10566.7 | F2: =SUM(Maio!A2:Z42) -> 14649.9 | G2: =SUM(Junho!A2:Z1000) -> 10165.7 | H2: =SUM(Julho!A2:Z1000) -> 11931.303 | I2: =SUM(Agosto!A2:Z1000) -> 10847.3 | J2: =SUM(Setembro!A2:Z38) -> 5871.7 | O2: =SUM(B2:M2) -> 99445.603 | P2: =O2-O3 -> 54046.66
A3: Gasto | B3: =SUM('Gastos-Janeiro'!A2:Z14) -> 4803.82 | C3: =SUM('Gastos-Fevereiro'!A2:Z55) -> 5228.33 | D3: =SUM('Gastos-Março'!A2:Z27) -> 5383.95 | E3: =SUM('Gastos-Abril'!A2:Z26) -> 5612.31 | F3: =SUM('Gastos-Maio'!A2:Z33) -> 6151.08 | G3: =SUM('Gastos-Junho'!A2:Z1000) -> 3057.06 | H3: =SUM('Gastos-Julho'!A2:Z1000) -> 5456.873 | I3: =SUM('Gastos-Agosto'!A2:Z1000) -> 5960.2 | J3: =SUM('Gastos-Setembro'!A2:Z23) -> 3332 | K3: 206.66 | L3: 206.66 | O3: =SUM(B3:M3) -> 45398.943
A5: Diferença | B5: =B2-B3 -> 5250.08 | C5: =C2-C3 -> 8590.17 | D5: =D2-D3 -> 6156.65 | E5: =E2-E3 -> 4954.39 | F5: =F2-F3 -> 8498.82 | G5: =G2-G3 -> 7108.64 | H5: =H2-H3 -> 6474.43 | I5: =I2-I3 -> 4887.1 | ... M5: =M2-M3 -> 0 | O5: Média por Mês | P5: Média Dif Mês
O6: =O2/12 -> 8287.1336 | P6: =P2/12 -> 4503.8883
A9: 2025 | B9: Janeiro | C9: Fevereiro | D9: Março | E9: Abril | F9: Maio | G9: Junho | H9: Julho | I9: agosto | J9: setembro | K9: outubro | L9: novembro | M9: dezembro | O9: Total | P9: Diferença:
A10: Vendido | B10: 9560 | C10: 11716.5 | D10: 12793.7 | E10: 12325.8 | F10: 11618.2 | G10: 14212.6 | H10: 9120.9 | I10: 10260.98 | J10: 11054.84 | K10: 13942.8 | L10: 13868.2 | M10: 15590.2 | O10: R$ 146.061,89 | P10: R$ 59.556,55
A11: Gasto | B11: R$ 4.019,75 | C11: R$ 5.032,99 | D11: R$ 7.208,39 | E11: R$ 8.268,72 | F11: R$ 6.105,67 | G11: R$ 8.469,37 | H11: R$ 7.872,30 | I11: R$ 7.731,91 | J11: R$ 7.742,40 | K11: R$ 5.933,27 | L11: R$ 10.273,99 | M11: R$ 7.846,58 | O11: R$ 86.505,34
A13: Diferença | B13: R$ 5.540,32 | C13: R$ 6.683,49 | D13: R$ 5.585,30 | E13: R$ 4.057,16 | F13: R$ 5.512,57 | G13: R$ 5.743,23 | H13: R$ 1.248,69 | I13: R$ 2.528,43 | J13: R$ 3.309,90 | K13: R$ 8.009,53 | L13: R$ 3.594,21 | M13: R$ 7.743,72 | O13: Média por Mês | P13: Média Dif Mês
O14: R$ 12.171,82 | P14: R$ 4.963,05

Sheet Login
C5: 1
